/*
SQLyog v10.2 
MySQL - 5.0.96-community-nt : Database - dywh
*********************************************************************
*/

/*!40101 SET NAMES utf8 */;

/*!40101 SET SQL_MODE=''*/;

/*!40014 SET @OLD_UNIQUE_CHECKS=@@UNIQUE_CHECKS, UNIQUE_CHECKS=0 */;
/*!40014 SET @OLD_FOREIGN_KEY_CHECKS=@@FOREIGN_KEY_CHECKS, FOREIGN_KEY_CHECKS=0 */;
/*!40101 SET @OLD_SQL_MODE=@@SQL_MODE, SQL_MODE='NO_AUTO_VALUE_ON_ZERO' */;
/*!40111 SET @OLD_SQL_NOTES=@@SQL_NOTES, SQL_NOTES=0 */;
CREATE DATABASE /*!32312 IF NOT EXISTS*/`dywh` /*!40100 DEFAULT CHARACTER SET utf8 */;

USE `dywh`;

/*Table structure for table `t_admin_account` */

DROP TABLE IF EXISTS `t_admin_account`;

CREATE TABLE `t_admin_account` (
  `id` varchar(32) NOT NULL COMMENT '维护人员帐号',
  `password` varchar(32) NOT NULL COMMENT '32位单向加密密码',
  `name` varchar(10) NOT NULL COMMENT '姓名',
  PRIMARY KEY  (`id`)
) ENGINE=InnoDB DEFAULT CHARSET=utf8;

/*Data for the table `t_admin_account` */

insert  into `t_admin_account`(`id`,`password`,`name`) values ('admin','96e79218965eb72c92a549dd5a330112','admin');

/*Table structure for table `t_module` */

DROP TABLE IF EXISTS `t_module`;

CREATE TABLE `t_module` (
  `id` int(10) NOT NULL auto_increment COMMENT '栏目板块ID',
  `module_name` varchar(50) NOT NULL COMMENT '栏目名称',
  `module_info` text COMMENT '栏目简介',
  PRIMARY KEY  (`id`)
) ENGINE=InnoDB AUTO_INCREMENT=6 DEFAULT CHARSET=utf8;

/*Data for the table `t_module` */

insert  into `t_module`(`id`,`module_name`,`module_info`) values (1,'首页','网站首页，整体导航，简介等。'),(2,'语言文化','语言文化栏目，介绍关中文化相关内容。'),(3,'建筑文化','建筑文化栏目，介绍建筑文化相关板块。'),(4,'饮食文化','饮食文化栏目，介绍饮食相关内容。'),(5,'戏曲文化','戏曲文化栏目，介绍戏曲文化相关内容。');

/*Table structure for table `t_news` */

DROP TABLE IF EXISTS `t_news`;

CREATE TABLE `t_news` (
  `id` int(10) NOT NULL auto_increment COMMENT '资讯、新闻ID，自增',
  `news_title` varchar(50) default NULL COMMENT '资讯、新闻标题',
  `news_author` varchar(10) default 'admin' COMMENT '作者',
  `news_summary` varchar(300) default NULL COMMENT '简介',
  `news_content` varchar(1000) default NULL COMMENT '内容',
  `news_time` timestamp NOT NULL default CURRENT_TIMESTAMP on update CURRENT_TIMESTAMP COMMENT '发布、修改时间',
  `module_id` int(10) default NULL COMMENT '所属栏目板块',
  `page_id` int(10) default NULL COMMENT '页面栏目位置:栏目+位置',
  PRIMARY KEY  (`id`)
) ENGINE=InnoDB AUTO_INCREMENT=1037 DEFAULT CHARSET=utf8 COMMENT='新闻表';

/*Data for the table `t_news` */

insert  into `t_news`(`id`,`news_title`,`news_author`,`news_summary`,`news_content`,`news_time`,`module_id`,`page_id`) values (1,'板凳不坐蹲起来','admin','','<p><span style=\"font-weight: 700;\">典故一</span>：《史记》中记载荆轲刺秦王，始皇帝就是席地而坐才无法拔剑，逃避中又忘记拔剑，只好绕拄周旋。</p><p><span style=\"font-weight: 700;\">典故二</span>：东晋有个“<a target=\"_blank\" href=\"https://baike.baidu.com/item/%E8%BA%AB%E6%97%A0%E9%95%BF%E7%89%A9\" style=\"color: rgb(19, 110, 194); text-decoration-line: none;\">身无长物</a>”的典故，说的也是席地而坐的风俗。此风尚的转变应在晋以后，关中地区基本保持了“坐”的本意，只是姿势稍有改变，膝盖不着地了，大腿压在小腿肚子上，就变成为蹲姿，于是乎想蹲就蹲，此风尚也就世袭了下来。</p><p><span style=\"font-weight: 700;\">关中“蹲景”</span></p><p>“蹲景”成为关中地区特别是农村最有名的亮点，这一怪<a target=\"_blank\" href=\"https://baike.baidu.com/item/%E7%8B%AC%E6%AD%A5%E5%A4%A9%E4%B8%8B\" style=\"color: rgb(19, 110, 194); text-decoration-line: none;\">独步天下</a>，关中人的“蹲景”是地球上的绝版。<a target=\"_blank\" href=\"https://baike.baidu.com/item/%E6%9C%89%E7%9A%84%E4%BA%BA\" style=\"color: rgb(19, 110, 194); text-decoration-line: none;\">有的人</a>蹲半天腿不酸腰不痛，实属一种硬功夫。</p><p>蹲是讲功夫的，只有长年累月的历练，才能长蹲而心静气闲，不累不乏。“蹲”的人已经很少了，但偶尔会在西安、咸阳等站牌前看见部分“蹲”下来等车的关中人。</p><p>关中人把蹲叫<a target=\"_blank\" href=\"https://baike.baidu.com/item/%E5%9C%AA%E8%B9%','2019-05-30 19:56:38',1,11),(2,'房子半边盖','admin','','<p>传统的中国家居一般都是“人”字型结构，关中地区把这种房子叫“安间”房，又叫上房。里面住着主人和老人，结构都是厅房、两边是卧室。 一个院落除了上房还有偏房，在关中叫厦子房，房子的结构是“人”字的一半，就是半边盖的“怪”房子。</p><p>为什么要把房子盖一半？首要因素就是贫穷。原来这种半边盖的房子都是土木结构，能节约大量的木材，实现了关中人少木多土的盖房理念。传统的关中院落进门有一道叫照壁的墙，往里左右都是厦子房，最里面是安间正房。关中有<a target=\"_blank\" href=\"https://baike.baidu.com/item/%E9%A1%BA%E5%8F%A3%E6%BA%9C\" style=\"color: rgb(19, 110, 194); text-decoration-line: none;\">顺口溜</a>“有钱住北房，避风又<a target=\"_blank\" href=\"https://baike.baidu.com/item/%E5%90%91%E9%98%B3\" style=\"color: rgb(19, 110, 194); text-decoration-line: none;\">向阳</a>。”北房是指坐北朝南的房子，一般都是安间房，也有根据院子走向盖的厦子房。这种格局的<a target=\"_blank\" href=\"https://baike.baidu.com/item/%E5%9B%9B%E5%90%88%E9%99%A2\" style=\"color: rgb(19, 110, 194); text-decoration-line: none;\">四合院</a>是关中居民的主流。</p><p>关中地区是中华文明的摇篮，文明长大了，摇篮破损了。裸露的黄土地少了绿装，虽有南山秦岭，也无法满足千万居民的家住、厨房、储藏等需求用房。聪明的关中农民因地制宜盖起厦子房，利用黄土垒起三面土墙，朝院子一面留门窗，房顶只需少量的大木头做檩、梁，对做椽子小木头要求也低，三面土墙中还有一面</p><p><a class=\"image-link\" href=\"https://baike.baidu.com/pic/%E5%85%B3%E4%B8%AD%E5%85%AB%E5%A4%A7%E6%80%AA/4012233/0/3bb22','2019-05-30 19:56:41',1,11),(3,'秦腔正旦艺术形象赏析','admin','俗话说，吃饺子看馅，看戏看旦。秦腔正旦这一行当在舞台表演中占据着很重要的位置，其中以褶子青衣为主，服饰多为黑、青色，主打唱功，形象塑造以耿直、端庄','<p style=\"margin-top: 15px; margin-bottom: 15px; padding: 0px; line-height: 1.8; color: rgb(42, 42, 42);\">俗话说，吃饺子看馅，看戏看旦。秦腔正旦这一行当在舞台表演中占据着很重要的位置，其中以褶子青衣为主，服饰多为黑、青色，主打唱功，形象塑造以耿直、端庄、大方的女性人物居多，如《铡美案》中的秦香莲，《探窑》《赶坡》中的王宝钏，《三堂会审》中的苏三和《白蛇传》中的白素贞等角色。</p><p style=\"margin-top: 15px; margin-bottom: 15px; padding: 0px; line-height: 1.8; color: rgb(42, 42, 42);\">　　秦腔正旦是传统行当中非常重要的一支，历来名家辈出，著名的有杨金声、赵杰民、刘迪民、李正敏、何振中、高符中、孟遏云、余巧云、李爱云、王玉琴、郭明霞、贾秀芳等。这些名家在角色塑造上，倾注一生心血，无不留下脍炙人口、广受观众喜爱的唱段和舞台形象。新生代的“老演员”、秦腔剧团“三意社”的主事者侯红琴传承衣钵，在饰演《探窑》中的王宝钏和《三堂会审》中的苏三时，扮相端正，身架端庄，其唱腔字正腔圆，嗓音醇厚、音色纯净细腻，高低音游刃有余。她用心揣摩剧中所饰人物客体的社会背景、生活环境、身份地位和性格特征等，加深了对人物的刻画，成功地奠定了她在观众心中的地位。从她饰演的王宝钏和苏三这两个角色来看其艺术特点，巧妙运用唱腔驾驭力，使富有艺术表现力和感染力的表演，达到了声情并茂的境界，给观众以清新隽永、韵味无穷的艺术享受。</p><p style=\"margin-top: 15px; margin-bottom: 15px; padding: 0px; line-height: 1.8; color: rgb(42, 42, 42);\">　　《探窑》是《五典坡》中的一段，剧中人物有王宝钏、王宝钏之母和丫鬟。场景为窑前的院中，剧情背景是王宝钏由于和薛平贵的婚约遭其父阻挠，为了信守诺言，与身为当朝宰相的父亲决裂，抛弃荣华富贵，出了相府，独守寒窑之苦。丈夫为国去边关打仗，一去十八载。她一个相府小姐艰难度日，其母又思女心切，便和丫鬟带些资助去寒窑探望女儿。见到母亲之后，有了王宝钏和母亲对唱的一个情节。<','2019-06-03 14:56:24',1,12),(4,'姑娘不对外','admin','','<p>这一怪很多地区都有，只是在关中地区现象更突显，人情味也更浓郁。</p><p><a class=\"image-link\" href=\"https://baike.baidu.com/pic/%E5%85%B3%E4%B8%AD%E5%85%AB%E5%A4%A7%E6%80%AA/4012233/0/a8405208f5af72a20b7b8246?fr=lemma&ct=single\" target=\"_blank\" title=\"姑娘不嫁外\" style=\"color: rgb(19, 110, 194); text-decoration-line: none; display: block; width: 159px; height: 220px;\"><img class=\"\" src=\"/myPath/upload/image/20190524/1558682715921035160.jpg\" alt=\"姑娘不嫁外\"/></a><span class=\"description\" style=\"display: block; color: rgb(85, 85, 85); font-size: 12px; text-indent: 0px; font-family: 宋体; overflow-wrap: break-word; word-break: break-all; line-height: 15px; padding: 8px 7px; min-height: 12px; border-top: 1px solid rgb(224, 224, 224);\">姑娘不嫁外</span></p><p>“两亩地一头牛，老婆孩子<a target=\"_blank\" href=\"https://baike.baidu.com/item/%E7%83%AD%E7%82%95%E5%A4%B4\" style=\"color: rgb(19, 110, 194); text-decoration-line: none;\">热炕头</a>”是关中男人的写照，它的正面意思是关中男人恋家恋婆娘，在“玩龙玩虎不如玩黄土”的小农时代，这种思想也算正统。既然关中男人还不错，那么，这里的姑娘自然爱嫁当地郎了。配合这一观念的还有这里的地理优势，<a target=\"_blank\" h','2019-05-30 19:56:43',1,11),(5,'帕帕头上戴','admin','','<p>在关中风俗中这一怪最好解释了。过去人的生存环境差，黄土高原上风刮尘扬，烈日毒辣，妇女们出门干活串户没个遮蔽可不行，顶块手帕不能算怪吧？<a class=\"lemma-album layout-right nslog:10000206\" title=\"帕帕头上戴\" href=\"https://baike.baidu.com/pic/%E5%85%B3%E4%B8%AD%E5%85%AB%E5%A4%A7%E6%80%AA/4012233/2968476/310f3b1fa1adbeffa78669bb?fr=lemma&ct=cover\" target=\"_blank\" style=\"color: rgb(19, 110, 194); text-decoration-line: none; display: block; width: 202px; border-bottom: 0px; margin: 10px 0px; position: relative; float: right; clear: right;\"></a></p><p><a class=\"lemma-album layout-right nslog:10000206\" title=\"帕帕头上戴\" href=\"https://baike.baidu.com/pic/%E5%85%B3%E4%B8%AD%E5%85%AB%E5%A4%A7%E6%80%AA/4012233/2968476/310f3b1fa1adbeffa78669bb?fr=lemma&ct=cover\" target=\"_blank\" style=\"color: rgb(19, 110, 194); text-decoration-line: none; display: block; width: 202px; border-bottom: 0px; margin: 10px 0px; position: relative; float: right; clear: right;\"><img class=\"picture\" alt=\"帕帕头上戴\" src=\"/myPath/upload/image/20190524/1558682739266078579.jpg\"/></a></p><p><a class=\"lemma-','2019-05-30 19:56:45',1,11),(6,'面条像裤带','admin','','<p>关中独特的地理构造和自然环境使得关中地区成为一个以面食为主的地区，在以米菜为主的地方的人们总是想不通，那关中人天天吃面条没个花样换，怎么就吃不烦呢？ 其实，在关中，聪明灵巧的关中婆娘们已经把面食发展到一个很高的境界了。单是一个简单的面条，关中人做出的花样达几十种，棍棍面、片片面、凉面、臊子面、酸汤面、浆水面等等。</p><p><a class=\"image-link\" href=\"https://baike.baidu.com/pic/%E5%85%B3%E4%B8%AD%E5%85%AB%E5%A4%A7%E6%80%AA/4012233/0/a54e55fb945ac453024f564b?fr=lemma&ct=single\" target=\"_blank\" title=\"面条像裤带\" style=\"color: rgb(19, 110, 194); text-decoration-line: none; display: block; width: 199px; height: 220px;\"><img class=\"\" src=\"/myPath/upload/image/20190524/1558682932281083423.jpg\" alt=\"面条像裤带\"/></a><span class=\"description\" style=\"display: block; color: rgb(85, 85, 85); font-size: 12px; text-indent: 0px; font-family: 宋体; overflow-wrap: break-word; word-break: break-all; line-height: 15px; padding: 8px 7px; min-height: 12px; border-top: 1px solid rgb(224, 224, 224);\">面条像裤带</span></p><p>说其像那裤带，说的是那面做的宽度和长度，在关中地区的面馆，一碗面只有一根面条，但若要让个弱女子能把这根面条吃完，那也是难事。 其中属棍棍面最长，臊子面最少，一碗饭只够吃一口，因此有得名：一口香。关中的男人娶媳妇，大多都是要看这女人的擀面手艺了。</p><p>这做面条的功夫在那揉面的一关，没有揉到的面，见了开水马','2019-05-30 19:56:47',1,11),(7,'锅盔像锅盖','admin','','<p><span style=\"font-weight: 700;\">传说一：</span>当年有场战争，战争的一方是新疆人，打到陕西的时候，干粮已经没了，只剩下些面粉，没有办法，就把那面粉和水和了，弄成饼状，放在那头盔里用火烙，做好后皮黄里香，而且持久耐放，随即传了开来，那打了胜仗回去后，兵士就让妇人照着做，但没有头盔，就在自家的锅里烙了，就有了锅盔这个名字，也就有了锅盔这个面食的花样了。</p><p><span style=\"font-weight: 700;\">传说二：</span>相传唐代修<a target=\"_blank\" href=\"https://baike.baidu.com/item/%E4%B9%BE%E9%99%B5\" style=\"color: rgb(19, 110, 194); text-decoration-line: none;\">乾陵</a>时，因服役的军人工匠人数过多，往往为吃饭而耽误施工进度，受到惩罚。于是，有一士兵在焦急之中便把面团放进头盔里，把头盔放到火中去烤而烙成饼。</p><p><span style=\"font-weight: 700;\">锅盔的做法</span></p><p><a class=\"image-link\" href=\"https://baike.baidu.com/pic/%E5%85%B3%E4%B8%AD%E5%85%AB%E5%A4%A7%E6%80%AA/4012233/0/109eb7ec2cac0c1063d09f5c?fr=lemma&ct=single\" target=\"_blank\" title=\"锅盔像锅盖\" style=\"color: rgb(19, 110, 194); text-decoration-line: none; display: block; width: 118px; height: 250px;\"><img class=\"\" src=\"/myPath/upload/image/20190524/1558682951573077504.jpg\" alt=\"锅盔像锅盖\"/></a><span class=\"description\" style=\"display: block; color: rgb(85, 85, 85); font-size: 12px; text','2019-05-30 19:56:49',1,11),(8,'油泼辣子一道菜','admin','','<p>关中人对于辣子情有独钟，爱吃，而且和别的地方吃法不同，不吃干辣子面，而是油泼</p><p><a class=\"image-link\" href=\"https://baike.baidu.com/pic/%E5%85%B3%E4%B8%AD%E5%85%AB%E5%A4%A7%E6%80%AA/4012233/0/e49cf911962419f1a6ef3f27?fr=lemma&ct=single\" target=\"_blank\" title=\"辣子是道菜\" style=\"color: rgb(19, 110, 194); text-decoration-line: none; display: block; width: 195px; height: 217px;\"><img class=\"\" src=\"/myPath/upload/image/20190524/1558682974791059032.jpg\" alt=\"辣子是道菜\"/></a><span class=\"description\" style=\"display: block; color: rgb(85, 85, 85); font-size: 12px; text-indent: 0px; font-family: 宋体; overflow-wrap: break-word; word-break: break-all; line-height: 15px; padding: 8px 7px; min-height: 12px; border-top: 1px solid rgb(224, 224, 224);\">辣子是道菜</span></p><p>辣子。秦椒是很有名的，不但辣味十足，且具有独特的香味。油泼辣子做法很简单，也很有意思，同样是一样的辣子面，可家家的味道不同。常见的做法是辣子罐里的辣子面不能放满，六成即可，放点盐、胡椒或者别的，用原汁的菜籽油烫出来的味道最好，油温很有讲究，高了，辣子面会焦的，烫出来的味道就会发苦；低了，就没有辣子的香味，却是生油味，油温控制在八九成热，边倒边搅，直至油把辣子面埋没了就行了，这时候独特的香味会四处漂浮，满街都能闻见。</p><p>当然，油泼辣子还有很多做法，而且每一道做法吃起来味道都不同，小小一碗油泼辣子奥妙无穷呀。</p><p><br/></p','2019-05-30 19:56:51',1,11),(9,'秦腔不唱吼起来','admin','','<p style=\"margin-top: 26px; margin-bottom: 0px; padding: 0px; line-height: 24px; color: rgb(51, 51, 51); text-align: justify; font-family: arial; white-space: normal; background-color: rgb(255, 255, 255);\"><span class=\"bjh-p\">吼起来说的是秦腔的表演形式，的确有些夸张，不过这种形式和关中人的劳作方式有关，辛辛苦苦劳累了一天，人们相约来到渭河边，对着滔滔的河水，吼出一天的劳累，吼出生活的辛酸。夏天的时候，西安城墙周围会有很多自发的群众团体在那里唱秦腔，确实不需要扩音器，老远就能听到，唱出了秦人对生活的热爱，也唱出了秦人的憨厚和耿直。</span></p><p><img class=\"large\" src=\"/myPath/upload/image/20190525/1558758705365093102.jpg\"/></p><p><br/></p>','2019-05-30 19:56:55',1,11),(13,'原创音乐剧《白夜行》在西安演出','admin','原创音乐剧《白夜行》在西安演出','<p><img src=\"/myPath/upload/image/20190603/1559544472235097259.png\" title=\"1559544472235097259.png\" alt=\"1558686845430037760.png\"/></p><p style=\"margin-top: 15px; margin-bottom: 15px; padding: 0px; line-height: 1.8; color: rgb(42, 42, 42); font-family: &quot;Times New Roman&quot;, &quot;Microsoft YaHei&quot;, 微软雅黑, &quot;Hiragino Sans GB&quot;; font-size: medium; white-space: normal; background-color: rgb(255, 255, 255);\">5月24日，原创音乐剧《白夜行》登陆西安，在陕西大剧院上演，获得口碑人气双丰收。据悉，这部由东野圭吾同名推理小说改编、知名演员韩雪和刘令飞领衔主演的音乐剧已经巡演五城，为了让西安站的观众更加了解《白夜行》背后的故事，5月25日下午，主创们在陕西大剧院与观众见面，韩雪、刘令飞、刘杨、张光磊等演员出席了见面会，讲述了各自的演出心得。</p><p style=\"margin-top: 15px; margin-bottom: 15px; padding: 0px; line-height: 1.8; color: rgb(42, 42, 42); font-family: &quot;Times New Roman&quot;, &quot;Microsoft YaHei&quot;, 微软雅黑, &quot;Hiragino Sans GB&quot;; font-size: medium; white-space: normal; background-color: rgb(255, 255, 255);\">　　《白夜行》由国内戏剧制作团体染空间耗时三年精心制作。为了带给观众一场音乐与悬疑激情碰撞的视听盛宴，让更多人走进剧场感受戏剧魅力，这部原创音乐剧在最大程度尊重原著的基础上，以优秀的原创戏剧架构，结合动听的音乐与华丽的舞美，打造','2019-06-03 14:48:51',1,12),(18,'富平发现全国仅见保存完好的唐宋县城遗址','admin','考古人员2012年和2016年至2018年两度对陕西富平银沟遗址进行考古发掘，判断该遗址就是唐代到元代时富平县城——义亭城所在地，这是目前全国仅见的一处保存完好的唐宋县城遗址，见证了该地六百年的工商业繁华。宋县城遗址','<p style=\"margin-top: 15px; margin-bottom: 15px; padding: 0px; line-height: 1.8; color: rgb(42, 42, 42);\">考古人员2012年和2016年至2018年两度对陕西富平银沟遗址进行考古发掘，判断该遗址就是唐代到元代时富平县城——义亭城所在地，这是目前全国仅见的一处保存完好的唐宋县城遗址，见证了该地六百年的工商业繁华。1月14日，陕西省考古研究院正式对外公布这一考古新成果。</p><p style=\"margin-top: 15px; margin-bottom: 15px; padding: 0px; line-height: 1.8; color: rgb(42, 42, 42);\">　　银沟遗址位于富平县城东北角，是一处唐代到元代时期的大型综合遗址，以城址与制陶窑场为主，另有其他种类手工业遗存分布，并有普通的居址、寺庙遗迹等，分布面积约2.3平方公里。陕西省考古研究院两度对该遗址进行考古发掘，发掘面积1400平方米。考古发掘表明，银沟遗址范围内中部分布有两组壕沟，应该是两处城址遗迹。两组壕沟之间分布有两处成规模的陶窑炉群遗址。根据地层中包含的遗物，已经发掘的富平银沟遗址文化层可分唐代层、宋代层、金元层和现代层，揭露遗迹有壕沟、道路、房址、水井、陶窑、灰坑。金元层和宋代层以壕沟、房址为主，出土遗物以各类生活用器、手工业工具与建材为主。唐代层是以灰坑为主，出土遗物包括手工业制品与工具，出土有陶器、砖瓦（包括莲花纹方砖、青辊瓦、兽面砖、鸱尾等高等级建材）、三彩、瓷器、坩埚、石器。宋代层出土有陶器、砖瓦、瓷器、骨器、钱币、坩埚、三彩、石器。金元层出土有陶器、琉璃瓦、砖瓦、瓷器、钱币、佛教类塑像与经幢。</p><p style=\"margin-top: 15px; margin-bottom: 15px; padding: 0px; line-height: 1.8; color: rgb(42, 42, 42);\">　　文献记载，唐开元年间，富平县从石川河北岸（今城关乡古城村一带）迁至义亭城（今旧县村，即银沟遗址），至元末又迁至窑桥寨。该遗址与文献记载唐代至元代的富平县城地理位置完全一致，遗址的文化层时代也是唐到元。结合揭露的遗迹与出土的遗物，考古专家判断银沟遗址就是富平','2019-06-03 14:55:27',1,12),(19,'国家非物质文化遗产---彬州市花果山灯山会','admin','花果山原名明岨山，位于彬州市,是泾水与漆水交汇处的一处红砂岩石崖。南北朝时期，附近的人们在山上凿有石窟','<p style=\"margin-top: 15px; margin-bottom: 15px; padding: 0px; line-height: 1.8; color: rgb(42, 42, 42); font-family: &quot;Times New Roman&quot;, &quot;Microsoft YaHei&quot;, 微软雅黑, &quot;Hiragino Sans GB&quot;; font-size: medium; white-space: normal; background-color: rgb(255, 255, 255);\"><img alt=\"\" src=\"/myPath/upload/image/20190603/1559544788294042836.jpg\"/></p><p style=\"margin-top: 15px; margin-bottom: 15px; padding: 0px; line-height: 1.8; color: rgb(42, 42, 42); font-family: &quot;Times New Roman&quot;, &quot;Microsoft YaHei&quot;, 微软雅黑, &quot;Hiragino Sans GB&quot;; font-size: medium; white-space: normal; background-color: rgb(255, 255, 255);\">　　花果山原名明岨山，位于彬州市,是泾水与漆水交汇处的一处红砂岩石崖。南北朝时期，附近的人们在山上凿有石窟、石洞，洞洞相连，传说共有九曲十八洞。这些石洞是先民在战乱年代为躲避兵燹和匪患而凿成的。唐贞观年间，山上凿有灯窝数百个，每年元宵之夜，先民在此点灯烧香，以祈有年，时称“明岨晖金”。</p><p style=\"margin-top: 15px; margin-bottom: 15px; padding: 0px; line-height: 1.8; color: rgb(42, 42, 42); font-family: &quot;Times New Roman&quot;, &quot;Microsoft YaHei&quot;, 微软雅黑, &quot;Hiragi','2019-06-03 14:55:51',1,12),(20,'高陵的奇石和油饼','admin','细细铺排高陵的可圈可点之处，那无疑需要写一本厚厚的大书。但如果要问：高陵的什么物事最早打动了我，以至于让我历久难忘？答案是：奇石和油饼。','<p style=\"margin-top: 15px; margin-bottom: 15px; padding: 0px; line-height: 1.8; color: rgb(42, 42, 42);\">细细铺排高陵的可圈可点之处，那无疑需要写一本厚厚的大书。但如果要问：高陵的什么物事最早打动了我，以至于让我历久难忘？答案是：奇石和油饼。</p><p style=\"margin-top: 15px; margin-bottom: 15px; padding: 0px; line-height: 1.8; color: rgb(42, 42, 42);\">　　说起来是十几年前的旧事了，经朋友辗转相托，我为高陵人薛江南先生收藏的一块长和宽都超过1米、高则接近半米、重达880公斤，名曰“神龟”的奇石撰写了一则赏析文字，其中有言：“要知道，它本来只是一块虽则奇崛伟岸、却也平凡朴实的石头，是谁在冥冥之中百里挑一地选中了它？是谁把它放置在广西都安那条流淌不息的红水河中？于是，它漫长的孕育过程得以开始。很多年前，曾在一本书里读到如下故事——有人问雕塑家：‘雕塑难吗？’雕塑家回答：‘不难，拿一块石头来，把不需要的部分去掉……’红水河正是用自己那把貌似柔弱、实则锋利的雕刻刀，经无数个日出日落，历无数个冬去春来，把不需要的部分一点儿一点儿地去掉，需要的部分一点儿不少地留下来。最终，一块没有生命的石头出落成一只生机勃勃的神龟。再下来，神龟被有缘者发现，神龟和有缘者亲近，神龟成为我们这个喧闹世界里的一员。”这一段文字所表述的，是我对大自然的仰慕，乃至敬畏之情。后来，薛先生筹建奇石博物馆，“神龟”实至名归地成为镇馆之宝。</p><p style=\"margin-top: 15px; margin-bottom: 15px; padding: 0px; line-height: 1.8; color: rgb(42, 42, 42);\">　　在高陵的奇石博物馆里，有浓缩着历史的化石、有堪称稀世珍宝的矿石，但我最喜欢的，却是像“神龟”这样天然生成的奇石。面对着那些千姿百态、神采奕奕的石中奇葩，脑海中常常会浮现出水滴石穿这么四个字。貌似柔弱的水，由于它的矢志不渝、由于它日复一日地不懈劳作，竟然能生发出如此强大、如此神奇的力量！老子曰：“上善若水。水善利万物而不争，处众人之所恶，故几于道。”','2019-06-03 14:56:07',1,12),(21,'伊尹故里文化兴 三池社火刀削面','admin','观看完渭南市合阳县同家庄镇三池村的元宵节社火，总会给人留下许多难忘热闹的精彩瞬间，单从文化创意的角度解读……','<p style=\"margin-top: 15px; margin-bottom: 15px; padding: 0px; line-height: 1.8; color: rgb(42, 42, 42); font-family: &quot;Times New Roman&quot;, &quot;Microsoft YaHei&quot;, 微软雅黑, &quot;Hiragino Sans GB&quot;; font-size: medium; white-space: normal; background-color: rgb(255, 255, 255);\"><img alt=\"\" src=\"/myPath/upload/image/20190603/1559544664761084890.jpg\"/></p><p style=\"margin-top: 15px; margin-bottom: 15px; padding: 0px; line-height: 1.8; color: rgb(42, 42, 42); font-family: &quot;Times New Roman&quot;, &quot;Microsoft YaHei&quot;, 微软雅黑, &quot;Hiragino Sans GB&quot;; font-size: medium; white-space: normal; background-color: rgb(255, 255, 255);\">　　观看完渭南市合阳县同家庄镇三池村的元宵节社火，总会给人留下许多难忘热闹的精彩瞬间，单从文化创意的角度解读，对“三池社火刀削面”的表达形式、艺术美感、题材新颖、观念出奇，无不由衷赞叹。</p><p style=\"margin-top: 15px; margin-bottom: 15px; padding: 0px; line-height: 1.8; color: rgb(42, 42, 42); font-family: &quot;Times New Roman&quot;, &quot;Microsoft YaHei&quot;, 微软雅黑, &quot;Hiragino Sans GB&quot;; font-size: medium; white-space: ','2019-06-03 14:57:39',1,12),(22,'关中印象','admin','关中南倚秦岭山脉，渭河从中穿过，物华天宝，人杰地灵。四面都有天然地形屏障，易守难攻，从战国时起就有“四塞之国”的说法，所以汉代张良用“金城千里”来概括关中的优势劝说刘邦定都关中。战国时期，张仪向秦惠王陈说“连横”之计，就称颂关中“田肥美，民殷富，战车万乘，奋击百贸，沃野千里，蓄积多饶”，并说，“此所谓天府，天下之雄国也”，这比成都平原获得“天府之国”的称谓早了半个多世纪。这是因为关中从战国郑国渠修好以后，就成为了物产丰富、帝王建都的风水宝地。','关中南倚秦岭山脉，渭河从中穿过，物华天宝，人杰地灵。四面都有天然地形屏障，易守难攻，从战国时起就有“四塞之国”的说法，所以汉代张良用“金城千里”来概括关中的优势劝说刘邦定都关中。战国时期，张仪向秦惠王陈说“连横”之计，就称颂关中“田肥美，民殷富，战车万乘，奋击百贸，沃野千里，蓄积多饶”，并说，“此所谓天府，天下之雄国也”，这比成都平原获得“天府之国”的称谓早了半个多世纪。这是因为关中从战国郑国渠修好以后，就成为了物产丰富、帝王建都的风水宝地。','2019-06-03 15:33:02',1,13),(25,'陕西八大怪','admin','','<p style=\"margin-top: 22px; margin-bottom: 0px; padding: 0px; line-height: 24px; color: rgb(51, 51, 51); text-align: justify; font-family: arial; white-space: normal; background-color: rgb(255, 255, 255);\"><span class=\"bjh-p\">陕西八大怪都有什么呢?为什么说面条像裤带?作为一个陕西人对我们陕西的八大怪可以说很熟悉了，在之前的影视剧《白鹿原》中大家都看到了油泼扯面的美味，还有之前孙俪在《那年花开月正圆》里面动不动就蹲在那里的习惯，这在陕西话中念圪蹴(ge jiu)，可以说也是非常有陕西特色了，今天我们就一起来了解一下陕西八大怪!</span></p><p style=\"margin-top: 22px; margin-bottom: 0px; padding: 0px; line-height: 24px; color: rgb(51, 51, 51); text-align: justify; font-family: arial; white-space: normal; background-color: rgb(255, 255, 255);\"><span class=\"bjh-p\"><span class=\"bjh-br\"></span></span></p><p style=\"margin-top: 22px; margin-bottom: 0px; padding: 0px; line-height: 24px; color: rgb(51, 51, 51); text-align: justify; font-family: arial; white-space: normal; background-color: rgb(255, 255, 255);\"><span class=\"bjh-p\"><span class=\"bjh-br\"></span></span></p><p><img class=\"large\" src=\"/myPath/upload/image/20190525/1558769459962039039.jpg\"','2019-05-25 15:31:01',1,12),(32,'150余件古今龙泉宝剑和青瓷亮相陕历博','admin','150余件古今龙泉宝剑和青瓷亮相陕历博','<p style=\"margin-top: 15px; margin-bottom: 15px; padding: 0px; line-height: 1.8; color: rgb(42, 42, 42);\">说起浙江龙泉，绝大多数人第一时间想到的不外乎龙泉青瓷和龙泉宝剑。4月30日，“剑瓷龙泉——中国龙泉青瓷、宝剑传承与创新展”在陕西历史博物馆开展，150余件古今龙泉宝剑、青瓷作品，工艺精湛，制作考究，兼具实用与欣赏性，集中展示了当地工艺大师的高超技艺。主办方希望通过此次展览让更多的观众了解龙泉宝剑文化和青瓷文化。</p><p style=\"margin-top: 15px; margin-bottom: 15px; padding: 0px; line-height: 1.8; color: rgb(42, 42, 42);\">　　<strong><span style=\"color:#800000\">沧海桑田 龙泉宝剑成就不朽传奇</span></strong></p><p style=\"margin-top: 15px; margin-bottom: 15px; padding: 0px; line-height: 1.8; color: rgb(42, 42, 42);\">　　龙泉市位于浙江省西南部，是一方山清水秀、风光旖旎的人间净土，素有“处州十县好龙泉”的美誉。龙泉因剑得名、凭瓷生辉。2006年，龙泉青瓷传统烧制技艺、龙泉宝剑锻制技艺双双列入首批“国家级非物质文化遗产代表作”。2009年，龙泉青瓷传统烧制技艺入选“人类非物质文化遗产代表作品录”，成为全球陶艺类迄今为止唯一的“人类非遗”。</p><p style=\"margin-top: 15px; margin-bottom: 15px; padding: 0px; line-height: 1.8; color: rgb(42, 42, 42);\">　　“此次展览内容包括‘铸剑春秋’‘欧冶遗风’‘千峰翠色’及‘青出于蓝’四部分，精选150余件古今龙泉青瓷、宝剑作品。”据来自浙江的非遗传承人介绍，龙泉铸剑历史悠久，据《越绝书》记载：欧冶子于龙泉“凿茨山，泄其溪，取铁英，作铁剑三枚：一曰龙渊、二曰泰阿、三曰工布”。欧冶子冶铸出了第一把铁剑——“龙渊”，开创了中国冷兵器之先河，是中国古代铸剑鼻祖。龙泉宝','2019-06-03 14:49:31',1,12),(35,'关中方言发展史','admin','关中话属于中原官话，为其的一个分支，代表方言为西安方言（东府）和宝鸡方言（西府）。关中方言分为关中方言东府话和关中方言西府话。前者包括西安市、渭南市、铜川市、咸阳市、商洛市下属商州—洛南—丹凤—山阳、陕北的宜川—黄龙—洛川—宜君—黄陵—富县、山西运城—临汾、河南灵宝一带。后者包括宝鸡市、甘肃天水市、庆阳市、平凉市和宁夏西南部。关中话是中国西北地区最具代表性的方言之一。使用陕西话（关中话）的人主要集中在关中一带，东起河南灵宝，西到甘肃天水一带，北接延安，南伸秦岭北麓，总人口大约五千万余。\n','<p>用人的某一器官形容：“眼”：好看叫顺眼，讨厌叫训眼，麻烦叫麻眼，难看叫伤眼，不讨人爱叫白眼，勾心斗角叫耍（四声）心眼，脾气躁叫毛眼，死不认帐叫瞪白眼，束手无策叫干瞪眼，事情乱叫没眉眼，不满意叫<a target=\"_blank\" href=\"https://baike.baidu.com/item/%E7%BF%BB%E7%99%BD%E7%9C%BC\" style=\"color: rgb(19, 110, 194); text-decoration-line: none;\">翻白眼</a>，盼人穷叫害红眼，不讲亲情叫干睁眼，不灵活变通叫<a target=\"_blank\" href=\"https://baike.baidu.com/item/%E6%AD%BB%E5%BF%83%E7%9C%BC\" style=\"color: rgb(19, 110, 194); text-decoration-line: none;\">死心眼</a>，坏心眼叫瞎心眼，向上看叫<a target=\"_blank\" href=\"https://baike.baidu.com/item/%E5%8A%BF%E5%88%A9%E7%9C%BC\" style=\"color: rgb(19, 110, 194); text-decoration-line: none;\">势利眼</a>，有点子有办法叫有板眼，心胸窄气量小叫<a target=\"_blank\" href=\"https://baike.baidu.com/item/%E5%B0%8F%E5%BF%83%E7%9C%BC\" style=\"color: rgb(19, 110, 194); text-decoration-line: none;\">小心眼</a>。“手”：熟练叫老手，帮忙叫搭手，紧俏叫抢手，出售叫脱手，小偷叫三只手，谨慎肯干叫挖抓手。“脚”：上坡叫爬脚，下坡叫送脚，走路叫拐脚，岔路叫撇脚，不穿鞋袜叫精脚，能干<a target=\"_blank\" href=\"https://baike.baidu.com/item/%E9%87%8D%E6%B4%BB\" style=\"color: rgb(19, 110, 194); text-decoration-line: none;\">重活</a>叫力脚。“气”：关中一带','2019-06-02 21:02:22',2,21),(36,'每日一笑','admin','颡”字，陕西话读作[sa]，意为“脑袋”。一次一个小学生向刚分来的、是外地人的班主任请假：“老师，下午给我请个假，我颡[sa]疼的很！”。老师说：“你到底是啥疼的很？”学生答“我就是颡[sa]疼的很！”老师生气了：“我问你啥疼，你就说你啥疼，这不是故意跟我叫板吗！','','2019-05-31 22:37:04',2,24),(37,'关中戏曲文化','admin','陕西戏曲广，主要是秦腔。俗名叫乱弹，也有叫恍恍。第二是汗调，又叫土二黄。第三数眉户，音调很悠长。有的叫曲子，渭华较擅长。还有碗碗腔，线腔同州梆。关中唱道情，富平阿宫腔。商洛花鼓戏，乾县弦板腔。陕北二人台，陕南八岔乡。风格不一样，群众爱欣赏。','','2019-06-03 10:59:47',5,51),(39,'关中戏曲3','admin',NULL,NULL,'2019-06-02 21:02:26',5,52),(40,'戏曲','admin','','<p><img src=\"http://localhost:8080/myPath/upload/image/20190524/1558698067343042221.jpg\" alt=\"xiqu2.jpg\"/></p>','2019-06-03 15:07:58',5,52),(50,'西安1','admin',NULL,NULL,'2019-06-03 14:43:57',NULL,NULL),(51,'西安2','admin',NULL,NULL,'2019-06-03 14:43:57',NULL,NULL),(52,'西安3','admin','','<p><img src=\"http://localhost:8080/myPath/upload/image/20190602/1559446217259023211.gif\" alt=\"è¥¿å®3.gif\"/></p>','2019-06-03 16:00:28',NULL,NULL),(53,'西安4','admin','','<p><img src=\"http://localhost:8080/myPath/upload/image/20190602/1559446231289011676.gif\" alt=\"è¥¿å®4.gif\"/></p>','2019-06-03 16:00:52',NULL,NULL),(54,'西安5','admin',NULL,NULL,'2019-06-03 14:43:57',NULL,NULL),(55,'西安6','admin',NULL,NULL,'2019-06-03 14:43:57',NULL,NULL),(56,'西安7','admin',NULL,NULL,'2019-06-03 14:43:57',NULL,NULL),(57,'西安8','admin',NULL,NULL,'2019-06-03 14:43:57',NULL,NULL),(58,'西安9','admin',NULL,NULL,'2019-06-03 14:43:57',NULL,NULL),(59,'渭南1','admin',NULL,NULL,'2019-06-03 14:43:57',NULL,NULL),(60,'渭南2','admin',NULL,NULL,'2019-06-03 14:43:57',NULL,NULL),(61,'渭南3','admin',NULL,NULL,'2019-06-03 14:43:57',NULL,NULL),(62,'渭南4','admin',NULL,NULL,'2019-06-03 14:43:57',NULL,NULL),(63,'渭南5','admin',NULL,NULL,'2019-06-03 14:43:57',NULL,NULL),(64,'渭南6','admin',NULL,NULL,'2019-06-03 14:43:57',NULL,NULL),(65,'渭南7','admin',NULL,NULL,'2019-06-03 14:43:57',NULL,NULL),(66,'渭南8','admin',NULL,NULL,'2019-06-03 14:43:57',NULL,NULL),(67,'渭南9','admin',NULL,NULL,'2019-06-03 14:43:57',NULL,NULL),(68,'咸阳1','admin',NULL,NULL,'2019-06-03 14:43:57',NULL,NULL),(69,'咸阳2','admin',NULL,NULL,'2019-06-03 14:43:57',NULL,NULL),(70,'咸阳3','admin',NULL,NULL,'2019-06-03 14:43:57',NULL,NULL),(71,'铜川1','admin',NULL,NULL,'2019-06-03 14:43:57',NULL,NULL),(72,'铜川2','admin',NULL,NULL,'2019-06-03 14:43:57',NULL,NULL),(73,'铜川3','admin',NULL,NULL,'2019-06-03 14:43:57',NULL,NULL),(74,'宝鸡1','admin',NULL,NULL,'2019-06-03 14:43:57',NULL,NULL),(75,'宝鸡2','admin',NULL,NULL,'2019-06-03 14:43:57',NULL,NULL),(76,'宝鸡3','admin',NULL,NULL,'2019-06-03 14:43:57',NULL,NULL),(84,'西安饮食1','admin',NULL,NULL,'2019-06-03 15:16:41',NULL,NULL),(85,'西安饮食2','admin',NULL,NULL,'2019-06-03 15:16:46',NULL,NULL),(86,'西安饮食3','admin',NULL,NULL,'2019-06-03 15:21:23',NULL,NULL),(87,'咸阳饮食1','admin',NULL,NULL,'2019-06-03 15:21:23',NULL,NULL),(88,'咸阳饮食2','admin',NULL,NULL,'2019-06-03 15:21:23',NULL,NULL),(89,'咸阳饮食3','admin',NULL,NULL,'2019-06-03 15:21:23',NULL,NULL),(90,'渭南饮食1','admin',NULL,NULL,'2019-06-03 15:21:23',NULL,NULL),(91,'渭南饮食2','admin',NULL,NULL,'2019-06-03 15:21:23',NULL,NULL),(92,'渭南饮食3','admin',NULL,NULL,'2019-06-03 15:21:23',NULL,NULL),(93,'铜川饮食1','admin',NULL,NULL,'2019-06-03 15:21:23',NULL,NULL),(94,'铜川饮食2','admin',NULL,NULL,'2019-06-03 15:21:23',NULL,NULL),(95,'铜川饮食3','admin',NULL,NULL,'2019-06-03 15:21:23',NULL,NULL),(96,'宝鸡饮食1','admin',NULL,NULL,'2019-06-03 15:21:23',NULL,NULL),(97,'宝鸡饮食2','admin',NULL,NULL,'2019-06-03 15:21:23',NULL,NULL),(98,'宝鸡饮食3','admin',NULL,NULL,'2019-06-03 15:21:23',NULL,NULL),(99,'三娘教子','admin','','<p><video class=\"edui-upload-video  vjs-default-skin video-js\" controls=\"\" preload=\"none\" width=\"420\" height=\"280\" src=\"/myPath/upload/video/20190603/1559548361099097103.mp4\" data-setup=\"{}\"></video></p>','2019-06-03 15:52:44',NULL,NULL),(100,'三娘教子2','admin','','<p><video class=\"edui-upload-video  vjs-default-skin video-js\" controls=\"\" preload=\"none\" width=\"420\" height=\"280\" src=\"/myPath/upload/video/20190603/1559548752253045299.mp4\" data-setup=\"{}\"></video></p>','2019-06-03 15:59:15',NULL,NULL),(104,'夺锦楼','admin','','<p><video class=\"edui-upload-video  vjs-default-skin video-js\" controls=\"\" preload=\"none\" width=\"420\" height=\"280\" src=\"/myPath/upload/video/20190603/1559548770482076757.mp4\" data-setup=\"{}\"></video></p>','2019-06-03 15:59:34',NULL,NULL),(1006,'关中记忆','admin',NULL,'“关中”的名称为人流传，大概是战国晚期才开始的。它最初见于记载是在《战国策》中。\r\n\r\n\r\n《战国策·秦策》四中记载，楚顷襄王派遣黄歇入秦说秦昭王事。黄歇说秦，主要是希望秦国停止对楚国的进攻，并且打算说服秦国与楚国联合起来对付其它国家，这样就可以转移秦国的视线，使它不至于再打楚国的主意。\r\n\r\n\r\n根据黄歇的计划，秦楚合而为一，则秦国能从容对付韩国和魏国。如果这样，“韩必为关中之候”，“而魏国亦关内候矣”。从此以后，称道关中的人们很多，关中二字成了大家惯用的名称了。\r\n\r\n\r\n\r\n\r\n\r\n\r\n\r\n\r\n关中的由来。制图：曹江\r\n\r\n\r\n\r\n\r\n\r\n\r\n\r\n\r\n\r\n\r\n\r\n\r\n\r\n\r\n一、函谷关以西还是四关之间\r\n\r\n\r\n\r\n\r\n\r\n\r\n\r\n\r\n关中的得名自然是和函谷关有关的。函谷关在现在河南灵宝县境。函谷关有所变迁，也就影响到关中范围的大小。\r\n\r\n\r\n汉武帝时函谷关向东迁徙，改置在现在河南新安县境。大致到了东汉末年，设关的地方又改在现在陕西潼关县。函谷关由灵宝县移到新安县，名称并没有改变。一般称在新安县的函谷关为新关，以别于原来的旧关。\r\n\r\n\r\n东汉末年，置关的地方改变了，原来的名称却未曾带来，也是从那时起才开始有了潼关的名称。名称地址虽不一样，作用却是相当的。\r\n\r\n\r\n本来关中的名称只是表示函谷关以西的地方，但是人们却往往给它规定着一个范围。有人说它是在四关之中，所谓四关指的是东函谷、南武关、西散关、北萧关。\r\n\r\n\r\n有人说它是在两关之间，所谓两关也有两种不同的说法，一种是函谷关和散关,一种是函谷关和陇关。说法虽然不同，却都和原来关中的含义不尽相合。这在《关西和关中》一文中另有阐述，不再在这里赘叙。\r\n\r\n\r\n\r\n\r\n\r\n\r\n\r\n\r\n关中的山和水。制图：曹江\r\n\r\n\r\n\r\n\r\n\r\n\r\n\r\n\r\n\r\n\r\n\r\n现在人们习惯是以汧陇以东，至于黄河西岸，秦岭以北的泾渭流域作为关中的地区的。汧陇以东的关中地区平原广袤，沃野千里，确是一个肥饶的所在。\r\n\r\n\r\n因此，在秦汉王朝统一的局面下，关中长期成为都城的所在地。\r\n\r\n\r\n\r\n\r\n\r\n\r\n\r\n\r\n\r\n\r\n\r\n二、高平之地为原，适宜生活栖息\r\n\r\n\r\n\r\n\r\n\r\n\r\n\r\n\r\n在人类历史发展过程中，关中地区的自然环境也是不断有所变迁的，秦汉以前可以提到的也还不少。不过变迁的幅度并不是那么很大，甚而有些情形使人们都不会感受','2019-06-03 14:45:34',NULL,NULL),(1007,'语言传播','admin','','\r\n　　观看完渭南市合阳县同家庄镇三池村的元宵节社火，总会给人留下许多难忘热闹的精彩瞬间，单从文化创意的角度解读，对“三池社火刀削面”的表达形式、艺术美感、题材新颖、观念出奇，无不由衷赞叹。\r\n\r\n　　经向村民了解：“成富欣为人随和，满腹经纶，教过多年书，爱好研究历史和地域文化，是村民各家几十年来红白理事期间过事的礼棚先生，可以说哪家只要有红白事，结婚、嫁女、老人、祝寿、上梁、看娃，那不用说，拟联、写对联的肯定都是他，典型的乡贤文化人士。”\r\n\r\n　　“他保存了他写过的村民家中过的红白事情的所有对联底子，估计事主家现在都不一定还能记住，足见他的仔细和认真。”\r\n\r\n　　他家居住在三池村五组一个座南朝北的院落，在村部同巷的东头。门房是砖混平板房，也是他经常会客和写字的书房，朴素而简洁。西边是上世纪七十年代建的木质厦房，低矮陈旧，灶房中间一隔兼土炕卧室，就是这样的一个典型的渭北旱塬农家。\r\n\r\n　　在门房客厅坐定，我便开门见山问起“三池社火刀削面”是什么时候有此创意时?他侃侃而谈，说道：咱国家是几千年的农耕文明古国，农耕文明的美食以面食为主，对于黄土高塬咱合阳来说，美食小吃，可谓琳琅满目，传统风味甚多，合阳“三池刀削面”更是名扬华夏，据村中老一辈人们口口传说，古时候从山西河东过来的人来合阳三池村是必经的官道，昔日的孔圣人、汉武帝都在三池村驻足品尝过这里的刀削面，近代从陕北过来东渡黄河抗日的彭德怀元帅带领的八路军也受到三池刀削面的慰劳，三池的一些刀削面艺人还参加过中条山抗日战斗，所以，民间有：“三池刀削面，山西刀削面之源的说法，可见刀削面是秦晋两地共同的美食一绝。”\r\n\r\n　　三池刀削面的特点是；荞面配量较大，口感有劲，香醇，荞面味尖，软硬合口，削的面均匀，光滑，尺寸长，历史渊源悠久，远近闻名，曾是合阳当地官宦人家平时和过年招待贵宾的传统招牌饭，提前请来三池刀削面好把式，在客人酒足菜美，再上来一碗 “三池刀削面”，令客人吃得口齿留香，感觉好爽。周围的新、旧堡村、四、五公里外的如意村和乌池村、段庄村、同家庄村民，合阳县城以及外地的游客也纷纷赶来三池村品尝正宗的“三池刀削面”。\r\n\r\n\r\n\r\n　　“三池刀削面”是块金字招牌，它的故事和传说先后在1996年出版的陕西省地方志书《合阳县志》，1999年陕西旅游出版社出版的陕西省民俗协会副主席史耀增先生所著的书籍《合阳风情》第52页','2019-06-03 14:59:06',NULL,NULL),(1008,'语言趣味','admin',NULL,'\r\n　　你是否喜欢眺望那湛蓝寥远的天际，你是否喜欢拨弄那清澈见底的溪水，你是否喜欢倾听森林中的鸟儿莺啼…而如今，因为我们生活细节中的不在意，我们的地球妈妈正面临前所未有的危难。\r\n\r\n　　在第50个世界地球日到来之际，为引导青少年树立“绿水青山，就是金山银山”和“人与自然和谐共生”的理念，激发青少年形成亲近自然、了解自然、保护自然的生态意识，以实际行动保护地球。4月22日，大荔县实验小学举行了“珍爱美丽地球 守护自然资源”为主题的教育活动，号召全校师生爱护我们的地球母亲。\r\n\r\n　　升旗仪式上，值周领导对全体师生发出如下倡议：\r\n\r\n　　1、自觉保护环境，少用塑料袋，多用布袋，随身携带垃圾袋，不乱丢垃圾，文明出行；\r\n\r\n　　2、随手关灯，节约用水，少开车，多走路，减少尾气排放倡导低碳生活，绿色出行，减少尾气排放；\r\n\r\n　　3、积极参与绿色环保活动，不随手扔垃圾，重视垃圾分类，不随地吐痰，爱护花草林木；\r\n\r\n　　4、节约用水、合理用水、循环用水、保护湿地；\r\n\r\n　　5、爱护鸟类、关爱生命，保护野生动物，拒绝鸟类和野生动物上餐桌。\r\n\r\n　　班队会时间，班主任通过图文讲解、播放视频等形式向学生讲解了世界地球日的基本知识，让孩子们觉悟到生态环保的重要性。孩子们结合上周末的资料搜集和老师的具体讲解，认真完成了素拓作业。同时，也在自己心里播下了节约资源，保护环境的种子。此次活动增强了师生们的节约、环保意识，孩子们用自己的方式发出了内心对美好环境的呼唤，从现在开始，从一点一滴做起，努力为环保“多尽一份心，多出一份力”，为保护地球妈妈做出应有的贡献。','2019-06-03 14:59:58',NULL,NULL),(1009,'西安钟楼','admin','','<p><img src=\"/myPath/upload/image/20190603/1559545296582048656.jpg\" title=\"1559545296582048656.jpg\" alt=\"1559543934736053360.jpg\"/></p>','2019-06-03 15:01:39',NULL,NULL),(1010,'咸阳湖','admin','','<p><img src=\"/myPath/upload/image/20190603/1559545358184043912.jpg\" title=\"1559545358184043912.jpg\" alt=\"1559543934819017947.jpg\"/></p>','2019-06-03 15:02:40',NULL,NULL),(1011,'铜川美景','admin','','<p><img src=\"/myPath/upload/image/20190603/1559545407813092034.jpg\" title=\"1559545407813092034.jpg\" alt=\"1559544788294042836.jpg\"/></p>','2019-06-03 15:03:29',NULL,NULL),(1012,'肉夹馍','admin','','<p><img src=\"/myPath/upload/image/20190603/1559545522857039690.jpg\" title=\"1559545522857039690.jpg\" alt=\"1559450827691015841.jpg\"/></p>','2019-06-03 15:05:24',NULL,NULL),(1013,'羊肉泡馍','admin','','<p><img src=\"http://localhost:8080/myPath/upload/image/20190524/1558697769951022248.jpg\" alt=\"yangroupaomo.jpg\"/></p>','2019-06-03 15:06:00',NULL,NULL),(1014,'凉皮','admin','','<p><img src=\"http://localhost:8080/myPath/upload/image/20190524/1558697792111072276.jpg\" alt=\"lingpi.jpg\"/></p>','2019-06-03 15:06:28',NULL,NULL),(1015,'秦腔','admin','','<p><img src=\"http://localhost:8080/myPath/upload/image/20190524/1558698040882024126.jpg\" alt=\"xiquq.jpg\"/></p>','2019-06-03 15:07:02',NULL,NULL),(1016,'戏曲','admin',NULL,'<p><img src=\"http://localhost:8080/myPath/upload/image/20190524/1558698040882024126.jpg\" alt=\"xiquq.jpg\"/></p>','2019-06-03 15:10:41',NULL,NULL),(1017,'舞台剧','admin','','<p><img src=\"http://localhost:8080/myPath/upload/image/20190524/1558698084761039072.jpg\" alt=\"xiqu3.jpg\"/></p>','2019-06-03 15:09:25',NULL,NULL),(1018,'关中女人','admin','','<p><video class=\"edui-upload-video  vjs-default-skin video-js\" controls=\"\" preload=\"none\" width=\"420\" height=\"280\" src=\"/myPath/upload/video/20190603/1559545938294028984.mp4\" data-setup=\"{}\"></video></p>','2019-06-03 15:12:21',NULL,NULL),(1019,'白鹿原','admin',NULL,NULL,'2019-06-03 11:39:04',NULL,NULL),(1020,'红高粱','admin',NULL,NULL,'2019-06-03 11:39:02',NULL,NULL),(1021,'本土音乐','admin',NULL,NULL,'2019-06-03 14:43:57',NULL,NULL),(1022,'本土乐队','admin',NULL,NULL,'2019-06-03 14:43:57',NULL,NULL),(1023,'本土乐队','admin',NULL,NULL,'2019-06-03 14:43:57',NULL,NULL),(1024,'海绵宝宝','admin',NULL,NULL,'2019-06-03 11:42:37',NULL,NULL),(1025,'测试','admin',NULL,NULL,'2019-06-03 11:41:36',NULL,NULL),(1026,'测试','admin',NULL,NULL,'2019-06-03 11:41:14',NULL,NULL),(1027,'测试','admin',NULL,NULL,'2019-06-03 11:41:11',NULL,NULL),(1028,'测试','admin',NULL,NULL,'2019-06-03 11:41:08',NULL,NULL),(1029,'测试','admin',NULL,NULL,'2019-06-03 11:42:12',NULL,NULL),(1030,'音乐','admin',NULL,NULL,'2019-06-03 14:43:57',NULL,NULL),(1031,'音乐','admin',NULL,NULL,'2019-06-03 14:43:57',NULL,NULL),(1032,'音乐','admin',NULL,NULL,'2019-06-03 14:43:57',NULL,NULL),(1033,'佚名','admin',NULL,NULL,'2019-06-03 14:43:57',NULL,NULL),(1034,'音乐','admin',NULL,NULL,'2019-06-03 14:43:57',NULL,NULL),(1035,'测试','admin',NULL,NULL,'2019-06-03 14:43:57',NULL,NULL),(1036,'宝鸡名吃1','admin','','<p><img src=\"/myPath/upload/image/20190603/1559551043421073039.jpg\" title=\"1559551043421073039.jpg\" alt=\"1558769460450010313.jpg\"/></p>','2019-06-03 16:37:25',4,46);

/*Table structure for table `t_resource` */

DROP TABLE IF EXISTS `t_resource`;

CREATE TABLE `t_resource` (
  `id` int(10) NOT NULL auto_increment COMMENT '资源ID',
  `resource_name` varchar(50) NOT NULL COMMENT '资源名称',
  `resource_author` varchar(10) default 'admin' COMMENT '资源发布作者',
  `resource_summary` varchar(200) default NULL COMMENT '资源简介',
  `resource_location` varchar(200) NOT NULL COMMENT '资源地址',
  `resource_time` timestamp NOT NULL default CURRENT_TIMESTAMP on update CURRENT_TIMESTAMP COMMENT '资源更新时间',
  `module_id` int(10) default NULL COMMENT '资源所属栏目',
  `resource_type` int(10) default NULL COMMENT '资源类型',
  `page_id` int(10) default NULL COMMENT '资源位置',
  PRIMARY KEY  (`id`)
) ENGINE=InnoDB AUTO_INCREMENT=1037 DEFAULT CHARSET=utf8;

/*Data for the table `t_resource` */

insert  into `t_resource`(`id`,`resource_name`,`resource_author`,`resource_summary`,`resource_location`,`resource_time`,`module_id`,`resource_type`,`page_id`) values (3,'关中八大怪','admin',NULL,'<p><img src=\"/myPath/upload/image/20190531/1559299232666064754.jpg\" title=\"1559299232666064754.jpg\" alt=\"1558693876112095262.jpg\"/></p>','2019-05-31 18:40:35',1,1,11),(4,'新闻资讯','admin',NULL,'<p><img src=\"/myPath/upload/image/20190524/1558695405754057984.jpg\" title=\"1558695405754057984.jpg\" alt=\"grids-img3.jpg\"/></p>','2019-06-02 21:02:32',1,1,12),(5,'陕西印象图片','admin',NULL,'<p><img src=\"/myPath/upload/image/20190524/1558695450055084740.jpg\" title=\"1558695450055084740.jpg\" alt=\"grids-img2.jpg\"/></p>','2019-06-02 21:02:34',1,1,13),(36,'轮播图1','admin',NULL,'<p><img src=\"/myPath/upload/image/20190531/1559314860867088726.jpg\" title=\"1559314860867088726.jpg\" alt=\"slider1.jpg\"/></p>','2019-05-31 23:01:05',1,1,18),(37,'关中戏曲文化','admin',NULL,'<p><img src=\"/myPath/upload/image/20190531/1559314922841099724.jpg\" title=\"1559314922841099724.jpg\" alt=\"slider3.jpg\"/></p>','2019-06-03 15:17:30',1,1,18),(38,'轮播图3','admin',NULL,'<p><img src=\"/myPath/upload/image/20190531/1559314922841099724.jpg\" title=\"1559314922841099724.jpg\" alt=\"slider3.jpg\"/></p>','2019-05-31 23:02:05',1,1,18),(39,'轮播图4','admin',NULL,'<p><img src=\"/myPath/upload/image/20190531/1559314985975073106.jpg\" title=\"1559314985975073106.jpg\" alt=\"slider4.jpg\"/></p>','2019-05-31 23:03:08',1,1,18),(40,'轮播图5','admin',NULL,'<p><img src=\"/myPath/upload/image/20190531/1559315418102034990.jpg\" title=\"1559315418102034990.jpg\" alt=\"轮播图5.jpg\"/></p>','2019-05-31 23:11:30',1,1,18),(41,'轮播图6','admin',NULL,'<p><img src=\"/myPath/upload/image/20190531/1559315435219059713.jpg\" title=\"1559315435219059713.jpg\" alt=\"轮播图6.jpg\"/></p>','2019-05-31 23:10:38',1,1,18),(42,'轮播图7','admin',NULL,'<p><img src=\"/myPath/upload/image/20190531/1559315450113033573.jpg\" title=\"1559315450113033573.jpg\" alt=\"轮播图7.jpg\"/></p>','2019-05-31 23:10:52',1,1,18),(43,'佚名','admin',NULL,'<p><img src=\"/myPath/upload/image/20190531/1559315927882019300.jpg\" title=\"1559315927882019300.jpg\" alt=\"31.jpg\"/></p>','2019-06-02 21:14:27',3,1,31),(44,'佚名','admin',NULL,'<p><img src=\"/myPath/upload/image/20190531/1559315939439087218.jpg\" title=\"1559315939439087218.jpg\" alt=\"32.jpg\"/></p>','2019-06-02 21:14:28',3,1,31),(45,'佚名','admin',NULL,'<p><img src=\"/myPath/upload/image/20190531/1559315952671087254.jpg\" title=\"1559315952671087254.jpg\" alt=\"33.jpg\"/></p>','2019-06-02 21:14:28',3,1,31),(46,'佚名','admin',NULL,'<p><img src=\"/myPath/upload/image/20190531/1559315965340039398.jpg\" title=\"1559315965340039398.jpg\" alt=\"34.jpg\"/></p>','2019-06-02 21:14:29',3,1,31),(47,'佚名','admin',NULL,'<p><img src=\"/myPath/upload/image/20190531/1559315979339069618.jpg\" title=\"1559315979339069618.jpg\" alt=\"35.jpg\"/></p>','2019-06-02 21:14:31',3,1,31),(48,'佚名','admin',NULL,'<p><img src=\"/myPath/upload/image/20190531/1559315990547028997.jpg\" title=\"1559315990547028997.jpg\" alt=\"36.jpg\"/></p>','2019-06-02 21:14:30',3,1,31),(49,'佚名','admin',NULL,'<p><img src=\"/myPath/upload/image/20190531/1559316003659041509.jpg\" title=\"1559316003659041509.jpg\" alt=\"37.jpg\"/></p>','2019-06-02 21:14:35',3,1,31),(50,'西安1','admin',NULL,'<p><img src=\"/myPath/upload/image/20190603/1559536505810096919.jpg\" title=\"1559536505810096919.jpg\" alt=\"1559446199628068145.jpg\"/></p>','2019-06-03 12:35:08',3,1,32),(51,'西安2','admin',NULL,'<p><img src=\"/myPath/upload/image/20190602/1559446199628068145.jpg\" title=\"1559446199628068145.jpg\" alt=\"西安2.jpg\"/></p>','2019-06-02 11:30:02',3,1,32),(52,'西安3','admin',NULL,'<p><img src=\"/myPath/upload/image/20190602/1559446217259023211.gif\" title=\"1559446217259023211.gif\" alt=\"西安3.gif\"/></p>','2019-06-02 11:30:20',3,1,32),(53,'西安4','admin',NULL,'<p><img src=\"/myPath/upload/image/20190602/1559446231289011676.gif\" title=\"1559446231289011676.gif\" alt=\"西安4.gif\"/></p>','2019-06-02 11:30:34',3,1,32),(54,'西安5','admin',NULL,'<p><img src=\"/myPath/upload/image/20190602/1559446245952081539.jpg\" title=\"1559446245952081539.jpg\" alt=\"西安5.jpg\"/></p>','2019-06-02 11:30:48',3,1,32),(55,'西安6','admin',NULL,'<p><img src=\"/myPath/upload/image/20190602/1559446263433023694.jpg\" title=\"1559446263433023694.jpg\" alt=\"西安6.jpg\"/></p>','2019-06-02 11:31:05',3,1,32),(56,'西安7','admin',NULL,'<p><img src=\"/myPath/upload/image/20190602/1559446279194045183.jpg\" title=\"1559446279194045183.jpg\" alt=\"西安7.jpg\"/></p>','2019-06-02 11:31:21',3,1,32),(57,'西安8','admin',NULL,'<p><img src=\"/myPath/upload/image/20190602/1559446293965004976.jpg\" title=\"1559446293965004976.jpg\" alt=\"西安8.jpg\"/></p>','2019-06-02 11:31:36',3,1,32),(58,'西安9','admin',NULL,'<p><img src=\"/myPath/upload/image/20190602/1559446307165020070.jpg\" title=\"1559446307165020070.jpg\" alt=\"西安9.jpg\"/></p>','2019-06-02 11:31:50',3,1,32),(59,'渭南1','admin',NULL,'<p><img src=\"/myPath/upload/image/20190602/1559447203713049874.jpg\" title=\"1559447203713049874.jpg\" alt=\"渭南1.jpg\"/></p>','2019-06-02 11:46:49',3,1,34),(60,'渭南2','admin',NULL,'<p><img src=\"/myPath/upload/image/20190602/1559447220276080937.jpg\" title=\"1559447220276080937.jpg\" alt=\"渭南2.jpg\"/></p>','2019-06-02 21:03:06',3,1,34),(61,'渭南3','admin',NULL,'<p><img src=\"/myPath/upload/image/20190602/1559447234070082388.jpg\" title=\"1559447234070082388.jpg\" alt=\"渭南3.jpg\"/></p>','2019-06-02 21:03:06',3,1,34),(62,'渭南4','admin',NULL,'<p><img src=\"/myPath/upload/image/20190602/1559447246825007088.jpg\" title=\"1559447246825007088.jpg\" alt=\"渭南4.jpg\"/></p>','2019-06-02 21:03:06',3,1,34),(63,'渭南5','admin',NULL,'<p><img src=\"/myPath/upload/image/20190602/1559447258280022881.jpg\" title=\"1559447258280022881.jpg\" alt=\"渭南5.jpg\"/></p>','2019-06-02 21:03:06',3,1,34),(64,'渭南6','admin',NULL,'<p><img src=\"/myPath/upload/image/20190602/1559447271230072591.jpg\" title=\"1559447271230072591.jpg\" alt=\"渭南6.jpg\"/></p>','2019-06-02 21:03:06',3,1,34),(65,'渭南7','admin',NULL,'<p><img src=\"/myPath/upload/image/20190602/1559447285098057289.jpg\" title=\"1559447285098057289.jpg\" alt=\"渭南7.jpg\"/></p>','2019-06-02 21:03:06',3,1,34),(66,'渭南8','admin',NULL,'<p><img src=\"/myPath/upload/image/20190602/1559447298025092905.jpg\" title=\"1559447298025092905.jpg\" alt=\"渭南8.jpg\"/></p>','2019-06-02 21:03:06',3,1,34),(67,'渭南9','admin',NULL,'<p><img src=\"/myPath/upload/image/20190602/1559447310655010462.jpg\" title=\"1559447310655010462.jpg\" alt=\"渭南9.jpg\"/></p>','2019-06-02 21:03:06',3,1,34),(68,'咸阳1','admin',NULL,'<p><img src=\"/myPath/upload/image/20190602/1559447411846011256.jpg\" title=\"1559447411846011256.jpg\" alt=\"咸阳1.jpg\"/></p>','2019-06-02 21:03:06',3,1,33),(69,'咸阳2','admin',NULL,'<p><img src=\"/myPath/upload/image/20190602/1559447425961083180.jpg\" title=\"1559447425961083180.jpg\" alt=\"咸阳2.jpg\"/></p>','2019-06-02 21:03:06',3,1,33),(70,'咸阳3','admin',NULL,'<p><img src=\"/myPath/upload/image/20190602/1559447439950067572.jpg\" title=\"1559447439950067572.jpg\" alt=\"咸阳3.jpg\"/></p>','2019-06-02 21:03:06',3,1,33),(71,'铜川1','admin',NULL,'<p><img src=\"/myPath/upload/image/20190602/1559447543075098445.jpg\" title=\"1559447543075098445.jpg\" alt=\"铜川1.jpg\"/></p>','2019-06-02 21:03:06',3,1,35),(72,'铜川2','admin',NULL,'<p><img src=\"/myPath/upload/image/20190602/1559447555607030371.jpg\" title=\"1559447555607030371.jpg\" alt=\"铜川2.jpg\"/></p>','2019-06-02 21:03:06',3,1,35),(73,'铜川3','admin',NULL,'<p><img src=\"/myPath/upload/image/20190602/1559447567820016778.jpg\" title=\"1559447567820016778.jpg\" alt=\"铜川3.jpg\"/></p>','2019-06-02 21:03:06',3,1,35),(74,'宝鸡1','admin',NULL,'<p><img src=\"/myPath/upload/image/20190602/1559447778803022548.jpg\" title=\"1559447778803022548.jpg\" alt=\"宝鸡1.jpg\"/></p>','2019-06-02 11:56:21',3,1,36),(75,'宝鸡2','admin',NULL,'<p><img src=\"/myPath/upload/image/20190602/1559447791319087238.jpg\" title=\"1559447791319087238.jpg\" alt=\"宝鸡2.jpg\"/></p>','2019-06-02 11:56:33',3,1,36),(76,'宝鸡3','admin',NULL,'<p><img src=\"/myPath/upload/image/20190602/1559447808844053791.jpg\" title=\"1559447808844053791.jpg\" alt=\"宝鸡8.jpg\"/></p>','2019-06-02 11:56:52',3,1,36),(77,'饮食轮播图1','admin',NULL,'<p><img src=\"/myPath/upload/image/20190602/1559450656971043100.jpg\" title=\"1559450656971043100.jpg\" alt=\"饮食轮播图1.jpg\"/></p>','2019-06-02 12:44:19',4,1,41),(78,'饮食轮播图2','admin',NULL,'<p><img src=\"/myPath/upload/image/20190602/1559450676096008171.jpg\" title=\"1559450676096008171.jpg\" alt=\"饮食轮播图2.jpg\"/></p>','2019-06-02 12:44:38',4,1,41),(79,'饮食轮播图3','admin',NULL,'<p><img src=\"/myPath/upload/image/20190602/1559450689071050405.jpg\" title=\"1559450689071050405.jpg\" alt=\"饮食轮播图3.jpg\"/></p>','2019-06-02 12:44:51',4,1,41),(80,'饮食轮播图4','admin',NULL,'<p><img src=\"/myPath/upload/image/20190602/1559450702496076378.jpg\" title=\"1559450702496076378.jpg\" alt=\"饮食轮播图4.jpg\"/></p>','2019-06-02 12:45:05',4,1,41),(81,'饮食轮播图5','admin',NULL,'<p><img src=\"/myPath/upload/image/20190602/1559450716406027808.jpg\" title=\"1559450716406027808.jpg\" alt=\"5.jpg\"/></p>','2019-06-02 12:45:19',4,1,41),(82,'饮食轮播图6','admin',NULL,'<p><img src=\"/myPath/upload/image/20190602/1559450729375080323.jpg\" title=\"1559450729375080323.jpg\" alt=\"6.jpg\"/></p>','2019-06-02 12:45:32',4,1,41),(83,'饮食轮播图7','admin',NULL,'<p><img src=\"/myPath/upload/image/20190602/1559450743175057653.jpg\" title=\"1559450743175057653.jpg\" alt=\"7.jpg\"/></p>','2019-06-02 12:45:45',4,1,41),(84,'西安饮食1','admin',NULL,'<p><img src=\"/myPath/upload/image/20190602/1559450827691015841.jpg\" title=\"1559450827691015841.jpg\" alt=\"西安饮食1.jpg\"/></p>','2019-06-02 12:47:10',4,1,42),(85,'西安饮食2','admin',NULL,'<p><img src=\"/myPath/upload/image/20190602/1559450848597073422.jpg\" title=\"1559450848597073422.jpg\" alt=\"西安饮食2.jpg\"/></p>','2019-06-02 12:47:31',4,1,42),(86,'西安饮食3','admin',NULL,'<p><img src=\"/myPath/upload/image/20190602/1559450860619070094.jpg\" title=\"1559450860619070094.jpg\" alt=\"西安饮食3.jpg\"/></p>','2019-06-02 12:47:43',4,1,42),(87,'咸阳饮食1','admin',NULL,'<p><img src=\"/myPath/upload/image/20190602/1559451203020069978.jpg\" title=\"1559451203020069978.jpg\" alt=\"咸阳饮食1.jpg\"/></p>','2019-06-02 12:53:25',4,1,43),(88,'咸阳饮食2','admin',NULL,'<p><img src=\"/myPath/upload/image/20190602/1559451216872056949.jpg\" title=\"1559451216872056949.jpg\" alt=\"咸阳饮食2.jpg\"/></p>','2019-06-02 21:03:06',4,1,43),(89,'咸阳饮食3','admin',NULL,'<p><img src=\"/myPath/upload/image/20190602/1559451231228023514.jpg\" title=\"1559451231228023514.jpg\" alt=\"咸阳饮食3.jpg\"/></p>','2019-06-02 21:03:06',4,1,43),(90,'渭南饮食1','admin',NULL,'<p><img src=\"/myPath/upload/image/20190602/1559451301272026596.jpg\" title=\"1559451301272026596.jpg\" alt=\"渭南饮食1.jpg\"/></p>','2019-06-02 21:03:06',4,1,44),(91,'渭南饮食1','admin',NULL,'<p><img src=\"/myPath/upload/image/20190602/1559451314601049486.jpg\" title=\"1559451314601049486.jpg\" alt=\"渭南饮食2.jpg\"/></p>','2019-06-02 21:03:06',4,1,44),(92,'渭南饮食3','admin',NULL,'<p><img src=\"/myPath/upload/image/20190602/1559451331239008837.jpg\" title=\"1559451331239008837.jpg\" alt=\"渭南饮食3.jpg\"/></p>','2019-06-02 21:03:06',4,1,44),(93,'铜川饮食1','admin',NULL,'<p><img src=\"/myPath/upload/image/20190602/1559451415561052975.jpg\" title=\"1559451415561052975.jpg\" alt=\"铜川饮食1.jpg\"/></p>','2019-06-02 21:03:06',4,1,45),(94,'铜川饮食2','admin',NULL,'<p><img src=\"/myPath/upload/image/20190602/1559451429331098957.jpg\" title=\"1559451429331098957.jpg\" alt=\"铜川饮食2.jpg\"/></p>','2019-06-02 21:03:06',4,1,45),(95,'铜川饮食3','admin',NULL,'<p><img src=\"/myPath/upload/image/20190602/1559451442090004026.jpg\" title=\"1559451442090004026.jpg\" alt=\"铜川饮食3.jpg\"/></p>','2019-06-02 21:03:06',4,1,45),(96,'宝鸡饮食1','admin',NULL,'<p><img src=\"/myPath/upload/image/20190602/1559451504331046535.jpg\" title=\"1559451504331046535.jpg\" alt=\"宝鸡饮食1.jpg\"/></p>','2019-06-02 21:03:06',4,1,46),(97,'宝鸡饮食2','admin',NULL,'<p><img src=\"/myPath/upload/image/20190602/1559451517368073927.jpg\" title=\"1559451517368073927.jpg\" alt=\"宝鸡饮食2.jpg\"/></p>','2019-06-02 21:03:06',4,1,46),(98,'宝鸡饮食3','admin',NULL,'<p><img src=\"/myPath/upload/image/20190602/1559451533473059569.jpg\" title=\"1559451533473059569.jpg\" alt=\"宝鸡饮食3.jpg\"/></p>','2019-06-02 21:03:06',4,1,46),(99,'三娘教子','admin',NULL,'<p><img src=\"/myPath/upload/image/20190602/1559471229153026608.jpg\" title=\"1559471229153026608.jpg\" alt=\"关中戏曲1.jpg\"/></p>','2019-06-03 15:52:14',5,1,52),(100,'三娘教子2','admin',NULL,'<p><img src=\"/myPath/upload/image/20190602/1559471243392033728.jpg\" title=\"1559471243392033728.jpg\" alt=\"关中戏曲2.jpg\"/></p>','2019-06-03 15:58:54',5,1,52),(104,'夺锦楼','admin',NULL,'<p><img src=\"/myPath/upload/image/20190602/1559479803780048889.jpg\" title=\"1559479803780048889.jpg\" alt=\"关中戏曲3.jpg\"/></p>','2019-06-03 15:58:58',5,1,52),(1006,'关中记忆','admin',NULL,'<p><img src=\"/myPath/upload/image/20190524/1558696263891007981.jpg\" title=\"1558696263891007981.jpg\" alt=\"timg.jpg\"/></p>','2019-06-03 11:05:50',1,1,14),(1007,'语言传播','admin',NULL,'<p><img src=\"/myPath/upload/image/20190524/1558696478138097736.jpg\" title=\"1558696478138097736.jpg\" alt=\"u=2729606053,1378611949&amp;fm=15&amp;gp=0.jpg\"/></p>','2019-06-03 11:06:39',1,1,14),(1008,'语言趣味','admin',NULL,'<p><img src=\"/myPath/upload/image/20190524/1558696513191071787.jpg\" title=\"1558696513191071787.jpg\" alt=\"timg (1).jpg\"/></p>','2019-06-03 11:06:46',1,1,14),(1009,'西安钟楼','admin',NULL,'<p><img src=\"/myPath/upload/image/20190524/1558697227635021639.jpg\" title=\"1558697227635021639.jpg\" alt=\"city-xian.jpg\"/></p>','2019-06-03 11:28:08',1,1,15),(1010,'咸阳湖','admin',NULL,'<p><img src=\"/myPath/upload/image/20190524/1558697250998018814.jpg\" title=\"1558697250998018814.jpg\" alt=\"city-xianyang.jpg\"/></p>','2019-06-03 11:28:11',1,1,15),(1011,'铜川美景','admin',NULL,'<p><img src=\"/myPath/upload/image/20190524/1558697288312065611.jpg\" title=\"1558697288312065611.jpg\" alt=\"city-tongchuan.jpg\"/></p>','2019-06-03 11:28:15',1,1,15),(1012,'肉夹馍','admin',NULL,'<p><img src=\"/myPath/upload/image/20190524/1558697694291080062.jpg\" title=\"1558697694291080062.jpg\" alt=\"roujiamo.jpg\"/></p>','2019-06-03 11:29:05',1,1,16),(1013,'羊肉泡馍','admin',NULL,'<p><img src=\"/myPath/upload/image/20190524/1558697769951022248.jpg\" title=\"1558697769951022248.jpg\" alt=\"yangroupaomo.jpg\"/></p>','2019-06-03 11:29:08',1,1,16),(1014,'凉皮','admin',NULL,'<p><img src=\"/myPath/upload/image/20190524/1558697792111072276.jpg\" title=\"1558697792111072276.jpg\" alt=\"lingpi.jpg\"/></p>','2019-06-03 11:29:11',1,1,16),(1015,'秦腔','admin',NULL,'<p><img src=\"/myPath/upload/image/20190524/1558698040882024126.jpg\" title=\"1558698040882024126.jpg\" alt=\"xiquq.jpg\"/></p>','2019-06-03 11:30:06',1,1,17),(1016,'戏曲','admin',NULL,'<p><img src=\"/myPath/upload/image/20190524/1558698067343042221.jpg\" title=\"1558698067343042221.jpg\" alt=\"xiqu2.jpg\"/></p>','2019-06-03 11:30:08',1,1,17),(1017,'舞台剧','admin',NULL,'<p><img src=\"/myPath/upload/image/20190524/1558698084761039072.jpg\" title=\"1558698084761039072.jpg\" alt=\"xiqu3.jpg\"/></p>','2019-06-03 11:30:10',1,1,17),(1018,'关中女人','admin',NULL,'<p><img src=\"/myPath/upload/image/20190530/1559210360048087916.jpg\" title=\"1559210360048087916.jpg\" alt=\"1.jpg\"/></p>','2019-06-03 11:31:03',2,1,22),(1019,'白鹿原','admin',NULL,'<p><img src=\"/myPath/upload/image/20190530/1559210377206075330.jpg\" title=\"1559210377206075330.jpg\" alt=\"3.jpg\"/></p>','2019-06-03 11:31:06',2,1,22),(1020,'红高粱','admin',NULL,'<p><img src=\"/myPath/upload/image/20190530/1559210392437091327.jpg\" title=\"1559210392437091327.jpg\" alt=\"4.jpg\"/></p>','2019-06-03 11:31:10',2,1,22),(1021,'本土音乐','admin',NULL,'<p><img src=\"/myPath/upload/image/20190530/1559211161699053358.jpg\" title=\"1559211161699053358.jpg\" alt=\"231.jpg\"/></p>','2019-06-03 11:43:27',2,1,23),(1022,'本土乐队','admin',NULL,'<p><img src=\"/myPath/upload/image/20190530/1559211175081083591.jpg\" title=\"1559211175081083591.jpg\" alt=\"232.jpg\"/></p>','2019-06-03 11:43:30',2,1,23),(1023,'本土乐队','admin',NULL,'<p><img src=\"/myPath/upload/image/20190530/1559211188596083492.jpg\" title=\"1559211188596083492.jpg\" alt=\"233.jpg\"/></p>','2019-06-03 11:43:32',2,1,23),(1024,'海绵宝宝','admin',NULL,'<p><img src=\"/myPath/upload/image/20190531/1559286391102075827.jpg\" title=\"1559286391102075827.jpg\" alt=\"2012022317003968_S.jpg\"/></p>','2019-06-03 11:31:18',2,1,22),(1025,'测试','admin',NULL,'<p><img src=\"/myPath/upload/image/20190531/1559286442484039504.jpg\" title=\"1559286442484039504.jpg\" alt=\"2009061609172421.jpg\"/></p>','2019-06-03 11:31:20',2,1,22),(1026,'测试','admin',NULL,'<p><img src=\"/myPath/upload/image/20190531/1559286501835088943.jpg\" title=\"1559286501835088943.jpg\" alt=\"2009061609202219.jpg\"/></p>','2019-06-03 11:31:23',2,1,22),(1027,'测试','admin',NULL,'<p><img src=\"/myPath/upload/image/20190531/1559286635859008602.jpg\" title=\"1559286635859008602.jpg\" alt=\"2009101917100040.jpg\"/></p>','2019-06-03 11:31:25',2,1,22),(1028,'测试','admin',NULL,'<p><img src=\"/myPath/upload/image/20190531/1559286654504052297.jpg\" title=\"1559286654504052297.jpg\" alt=\"2011051813404831_S.jpg\"/></p>','2019-06-03 11:31:28',2,1,22),(1029,'测试','admin',NULL,'<p><img src=\"/myPath/upload/image/20190531/1559286670957097380.jpg\" title=\"1559286670957097380.jpg\" alt=\"2012070617045993_S.jpg\"/></p>','2019-06-03 11:31:38',2,1,22),(1030,'音乐','admin',NULL,'<p><img src=\"/myPath/upload/image/20190531/1559290447631015322.jpg\" title=\"1559290447631015322.jpg\" alt=\"2009061816532508.jpg\"/></p>','2019-06-03 11:43:34',2,1,23),(1031,'音乐','admin',NULL,'<p><img src=\"/myPath/upload/image/20190531/1559290475938089094.jpg\" title=\"1559290475938089094.jpg\" alt=\"2011062409023295_S.jpg\"/></p>','2019-06-03 11:43:36',2,1,23),(1032,'音乐','admin',NULL,'<p><img src=\"/myPath/upload/image/20190531/1559290493194078827.jpg\" title=\"1559290493194078827.jpg\" alt=\"2012090412524744_S.jpg\"/></p>','2019-06-03 11:43:38',2,1,23),(1033,'佚名','admin',NULL,'<p><img src=\"/myPath/upload/image/20190531/1559290523269089335.jpg\" title=\"1559290523269089335.jpg\" alt=\"2013031915222235.jpg\"/></p>','2019-06-03 11:43:41',2,1,23),(1034,'音乐','admin',NULL,'<p><img src=\"/myPath/upload/image/20190603/1559535469668093257.jpg\" title=\"1559535469668093257.jpg\" alt=\"130.jpg\"/></p>','2019-06-03 12:17:52',2,1,23),(1035,'测试','admin',NULL,'<p><img src=\"/myPath/upload/image/20190531/1559290564033066605.jpg\" title=\"1559290564033066605.jpg\" alt=\"2009061514525025.jpg\"/></p>','2019-06-03 11:43:45',2,1,23),(1036,'宝鸡名吃1','admin',NULL,'<p><img src=\"/myPath/upload/image/20190603/1559551025125017493.jpg\" title=\"1559551025125017493.jpg\" alt=\"1558769460304006758.jpg\"/></p>','2019-06-03 16:37:08',4,1,46);

/*Table structure for table `t_resource_type` */

DROP TABLE IF EXISTS `t_resource_type`;

CREATE TABLE `t_resource_type` (
  `id` int(10) NOT NULL auto_increment COMMENT '资源类型编号',
  `type_name` varchar(10) NOT NULL COMMENT '资源类型名称',
  PRIMARY KEY  (`id`)
) ENGINE=InnoDB AUTO_INCREMENT=4 DEFAULT CHARSET=utf8;

/*Data for the table `t_resource_type` */

insert  into `t_resource_type`(`id`,`type_name`) values (1,'图片'),(2,'音频'),(3,'视频');

/*!40101 SET SQL_MODE=@OLD_SQL_MODE */;
/*!40014 SET FOREIGN_KEY_CHECKS=@OLD_FOREIGN_KEY_CHECKS */;
/*!40014 SET UNIQUE_CHECKS=@OLD_UNIQUE_CHECKS */;
/*!40111 SET SQL_NOTES=@OLD_SQL_NOTES */;
